Feature,Importance
url_entropy,0.16861803456780514
has_http,0.1249739369291496
has_https,0.11504475795249193
num_digits,0.09079476934645082
digit_ratio,0.08479269092823803
special_char_ratio,0.06263350508844533
path_length,0.06256781741069348
hostname_length,0.04857595460316034
url_length,0.04777845832390907
num_letters,0.03850597505331627
subdomain_count,0.03328540133769252
num_slashes,0.027139289400880822
num_hyphens,0.02638011234605133
num_dots,0.022612399890718934
domain_has_hyphen,0.017206841066369376
suspicious_words,0.010347031859763791
long_domain,0.006972326074671926
query_length,0.0031019060754492018
brand_words,0.0023298007136444447
num_equals,0.001613274249655012
long_url,0.0010506023577591473
num_at,0.0010475667176759686
num_question_marks,0.0009990022116461066
num_ampersands,0.0006686259069365651
double_slash,0.00028816975519663424
encoded_characters,0.00028783258351634285
num_percent,0.0002835038921861446
has_ip,0.0001004133565258081
