False Positive Rate,True Positive Rate,Threshold
0.0,0.0,inf
0.0014699173805058543,0.5036166365280289,1.0
0.0014699173805058543,0.5042194092827004,0.9995
0.0014699173805058543,0.504822182037372,0.9994444444444445
0.001520604186730194,0.5051235684147076,0.999375
0.0016219777991788738,0.5051235684147076,0.9991666666666668
0.0016219777991788738,0.5060277275467149,0.9990000000000001
0.0016726646054032136,0.5060277275467149,0.9989285714285714
0.0016726646054032136,0.5063291139240507,0.9983333333333334
0.0016726646054032136,0.5069318866787221,0.9983333333333333
0.0016726646054032136,0.5081374321880651,0.9975714285714286
0.0016726646054032136,0.5093429776974081,0.9975
0.0016726646054032136,0.5099457504520796,0.997390873015873
0.0016726646054032136,0.5102471368294154,0.9973333333333333
0.0016726646054032136,0.5108499095840868,0.9970833333333334
0.0017740382178518931,0.5108499095840868,0.997
0.0017740382178518931,0.5114526823387583,0.9965530303030302
0.001976785442749252,0.5114526823387583,0.9952500000000001
0.002331593086319631,0.5678119349005425,0.995
0.002331593086319631,0.568414707655214,0.99375
0.0023822798925439708,0.568414707655214,0.9933333333333333
0.0023822798925439708,0.5690174804098854,0.993
0.0023822798925439708,0.569620253164557,0.9925
0.0023822798925439708,0.5702230259192285,0.992
0.0023822798925439708,0.5708257986738999,0.991765873015873
0.0024329666987683105,0.5708257986738999,0.9913064713064712
0.0024329666987683105,0.5711271850512357,0.9912539682539684
0.0027370875361143496,0.5949367088607594,0.99
0.0027877743423386893,0.5949367088607594,0.9893764278574999
0.002838461148563029,0.5952380952380952,0.989090909090909
0.002838461148563029,0.5958408679927667,0.9890000000000001
0.002838461148563029,0.5961422543701025,0.98875
0.0029398347610117086,0.5964436407474382,0.9885555555555555
0.0029398347610117086,0.5970464135021097,0.988438141923436
0.0029905215672360484,0.5970464135021097,0.9883988095238095
0.0029905215672360484,0.5973477998794454,0.988125
0.003041208373460388,0.5973477998794454,0.9880000000000001
0.003041208373460388,0.5976491862567812,0.988
0.003041208373460388,0.5988547317661241,0.9878655397091183
0.003041208373460388,0.6000602772754672,0.9854209666322669
0.003041208373460388,0.6006630500301386,0.9853585858585859
0.003649450048152466,0.621458710066305,0.985
0.0037001368543768056,0.621458710066305,0.9846629901960785
0.0037508236606011453,0.6217600964436407,0.984375
0.0038015104668254855,0.6217600964436407,0.9842857142857143
0.0038015104668254855,0.6220614828209765,0.9837126068376069
0.0038521972730498253,0.6220614828209765,0.9836527777777778
0.0038521972730498253,0.622664255575648,0.9832768759018758
0.003902884079274165,0.622664255575648,0.9826666666666667
0.003902884079274165,0.6229656419529838,0.9826388888888888
0.003902884079274165,0.6235684147076552,0.9825
0.003953570885498504,0.6235684147076552,0.9810357142857141
0.003953570885498504,0.6238698010849909,0.9805158730158731
0.004257691722844544,0.6374321880650995,0.98
0.004257691722844544,0.6377335744424352,0.9797916666666666
0.004359065335293223,0.6377335744424352,0.9789772727272726
0.004359065335293223,0.638034960819771,0.9788888888888888
0.004409752141517563,0.6383363471971067,0.97875
0.004409752141517563,0.6386377335744424,0.9785833333333335
0.004460438947741903,0.6386377335744424,0.9780974907445495
0.004511125753966242,0.6389391199517782,0.9780682773109243
0.004511125753966242,0.6401446654611211,0.9766666666666666
0.00506868062243398,0.6546112115732369,0.975
0.00506868062243398,0.6549125979505727,0.9747777777777777
0.00517005423488266,0.6549125979505727,0.9735714285714286
0.00517005423488266,0.6552139843279083,0.9735408166813241
0.005474175072228699,0.6648583484026522,0.97
0.0057276091033503975,0.6648583484026522,0.9684558823529411
0.005879669522023417,0.6648583484026522,0.9671833298316771
0.005879669522023417,0.6651597347799879,0.9656666666666667
0.006183790359369456,0.6726943942133815,0.965
0.006183790359369456,0.6729957805907173,0.9648055905867436
0.006234477165593796,0.6729957805907173,0.9642857142857143
0.006234477165593796,0.6742013261000602,0.96375
0.006335850778042476,0.6742013261000602,0.9634999999999999
0.006335850778042476,0.674502712477396,0.9624550511837664
0.006386537584266816,0.674502712477396,0.9620833333333333
0.006437224390491155,0.6751054852320675,0.961783460459885
0.006487911196715495,0.6751054852320675,0.9614356060606061
0.006487911196715495,0.6754068716094033,0.9610056658597679
0.006487911196715495,0.6778179626280892,0.9601397569363899
0.006690658421612854,0.6832429174201327,0.96
0.006741345227837194,0.6832429174201327,0.9584999999999999
0.006741345227837194,0.6838456901748041,0.9574286236853959
0.006792032034061534,0.6838456901748041,0.9572123015873016
0.006792032034061534,0.6847498493068114,0.9551841936658111
0.006792032034061534,0.692284508740205,0.955
0.006842718840285873,0.6928872814948764,0.9538905175719101
0.006842718840285873,0.6931886678722122,0.9525
0.0068934056465102134,0.6934900542495479,0.9519066156581637
0.0068934056465102134,0.6940928270042194,0.9504166666666667
0.006944092452734553,0.6940928270042194,0.9503690476190476
0.007045466065183233,0.6992163954189271,0.95
0.0070961528714075725,0.6992163954189271,0.9492857142857143
0.007248213290080592,0.6995177817962628,0.948716939729517
0.007298900096304932,0.6995177817962628,0.948606049222535
0.007298900096304932,0.6998191681735986,0.94625
0.007450960514977951,0.7046413502109705,0.945
0.007450960514977951,0.7058468957203134,0.9420833333333334
0.00765370773987531,0.7100663050030138,0.94
0.007704394546099651,0.7103676913803496,0.9357230130980129
0.00780576815854833,0.7136829415310428,0.935
0.007907141770997009,0.7136829415310428,0.9302380952380951
0.007907141770997009,0.7179023508137432,0.93
0.007957828577221349,0.7179023508137432,0.92925
0.007957828577221349,0.7188065099457505,0.9266861957486958
0.00805920218967003,0.7191078963230862,0.925224830724831
0.008211262608343048,0.7239300783604581,0.925
0.008312636220791729,0.7239300783604581,0.9238841167002932
0.008414009833240407,0.7239300783604581,0.9238442585278492
0.008616757058137766,0.7239300783604581,0.9238020729270728
0.008667443864362107,0.7239300783604581,0.92375
0.008667443864362107,0.7242314647377939,0.923546182983683
0.008667443864362107,0.7248342374924653,0.9218631116690326
0.008667443864362107,0.7251356238698011,0.92125
0.008718130670586447,0.7251356238698011,0.9210244338994338
0.008819504283035125,0.7272453285111513,0.92
0.008870191089259466,0.7272453285111513,0.919290293040293
0.008870191089259466,0.7278481012658228,0.919
0.008920877895483806,0.7278481012658228,0.9184579656454654
0.008920877895483806,0.7281494876431586,0.9183333333333334
0.008971564701708146,0.7281494876431586,0.9164649544214787
0.009022251507932484,0.7326702833031947,0.915
0.009072938314156825,0.7326702833031947,0.9148890623265622
0.009072938314156825,0.7329716696805304,0.9146153846153847
0.009174311926605505,0.7329716696805304,0.9125813501134183
0.009224998732829844,0.7329716696805304,0.9122857142857143
0.009224998732829844,0.733574442435202,0.9122565816536405
0.009224998732829844,0.7341772151898734,0.9115714285714286
0.009224998732829844,0.7347799879445449,0.9112099189871286
0.009275685539054184,0.7377938517179023,0.91
0.009275685539054184,0.7380952380952381,0.90975
0.009326372345278524,0.7380952380952381,0.9094190196899875
0.009326372345278524,0.7383966244725738,0.909
0.009377059151502864,0.7389993972272453,0.9083512617840402
0.009377059151502864,0.7399035563592525,0.9056856281302396
0.009427745957727204,0.7426160337552743,0.905
0.009529119570175883,0.7426160337552743,0.9046069496808662
0.009731866795073242,0.7432188065099458,0.9023776614683104
0.009934614019970601,0.7438215792646172,0.9023731320681919
0.010035987632419282,0.7438215792646172,0.9004819367723778
0.010035987632419282,0.744122965641953,0.9004265224154931
0.010035987632419282,0.7492465340566606,0.9
0.010035987632419282,0.7498493068113321,0.89953373015873
0.010035987632419282,0.7504520795660036,0.8975
0.01013736124486796,0.7507534659433394,0.8970355104776544
0.01023873485731664,0.7525617842073539,0.895
0.01034010846976532,0.753465943339361,0.8944838309824535
0.01034010846976532,0.7540687160940326,0.8941527777777776
0.01039079527598966,0.7543701024713683,0.8939026327245833
0.010441482082214,0.7543701024713683,0.8933333333333334
0.010441482082214,0.7549728752260397,0.8908333333333333
0.010441482082214,0.758288125376733,0.89
0.010441482082214,0.7585895117540687,0.8883333333333333
0.01049216888843834,0.7585895117540687,0.8881075284514165
0.01049216888843834,0.7591922845087402,0.8871602564102564
0.01049216888843834,0.7597950572634117,0.8868737358183878
0.01049216888843834,0.7600964436407475,0.8861467248660091
0.01054285569466268,0.7631103074141049,0.885
0.010593542500887019,0.7631103074141049,0.8844444444444445
0.010593542500887019,0.7634116937914406,0.8826133108460893
0.010644229307111359,0.7634116937914406,0.8822322171292761
0.010644229307111359,0.7640144665461122,0.88147542881731
0.010694916113335699,0.766425557564798,0.88
0.01074560291956004,0.7667269439421338,0.8797023809523807
0.01074560291956004,0.7673297166968053,0.879090909090909
0.010897663338233058,0.7682338758288125,0.8790218642605033
0.010999036950681737,0.7682338758288125,0.8785809884559886
0.011049723756906077,0.7685352622061483,0.8776503357753359
0.011100410563130417,0.7685352622061483,0.8775
0.011303157788027776,0.768836648583484,0.8768227220877851
0.011353844594252116,0.768836648583484,0.8762425976800975
0.011455218206700795,0.7709463532248343,0.875
0.011505905012925135,0.7709463532248343,0.8739742063492065
0.011505905012925135,0.77124773960217,0.8733333333333334
0.011556591819149475,0.77124773960217,0.872044899544899
0.011556591819149475,0.7718505123568414,0.870347222222222
0.011657965431598156,0.7736588306208559,0.87
0.011860712656495515,0.7736588306208559,0.8697608291645444
0.011911399462719853,0.7736588306208559,0.8684782994782995
0.011911399462719853,0.7739602169981917,0.8669404761904761
0.012012773075168534,0.7739602169981917,0.866303391053391
0.012114146687617212,0.7748643761301989,0.865
0.012164833493841553,0.7754671488848704,0.864394212143766
0.012215520300065893,0.7757685352622061,0.8637726995226995
0.012215520300065893,0.7760699216395419,0.8635522998243588
0.012316893912514573,0.7760699216395419,0.862787770932011
0.012367580718738912,0.7760699216395419,0.8626895604395602
0.012367580718738912,0.7763713080168776,0.8621687389407979
0.012418267524963252,0.7763713080168776,0.8614796176046176
0.012418267524963252,0.7766726943942134,0.8613594322344325
0.012468954331187592,0.7769740807715492,0.8605252782762993
0.01257032794363627,0.7769740807715492,0.8601576296510506
0.012671701556084951,0.779385171790235,0.86
0.012722388362309291,0.779385171790235,0.8593333333333334
0.012722388362309291,0.7799879445449066,0.8592837765185337
0.012773075168533632,0.7799879445449066,0.8588751526251525
0.01287444878098231,0.7799879445449066,0.8586022172272172
0.01297582239343099,0.7802893309222423,0.8585427804264879
0.013026509199655329,0.7802893309222423,0.8584420652876535
0.01317856961832835,0.7802893309222423,0.8583492063492062
0.01317856961832835,0.781796262808921,0.8565174763961525
0.013279943230777028,0.781796262808921,0.8563690476190476
0.013330630037001369,0.7820976491862568,0.8555650697341874
0.013330630037001369,0.7823990355635925,0.8552369713619715
0.013533377261898728,0.7836045810729355,0.855
0.013533377261898728,0.7839059674502713,0.8543670634920636
0.013634750874347408,0.7839059674502713,0.8542754745254745
0.013736124486796087,0.7839059674502713,0.853923540610278
0.013837498099244767,0.7839059674502713,0.8533829365079366
0.013888184905469106,0.784207353827607,0.8529603174603175
0.013989558517917786,0.784207353827607,0.852511724386724
0.013989558517917786,0.7848101265822784,0.8516666666666666
0.014242992549039485,0.7848101265822784,0.8503829365079367
0.014242992549039485,0.7878239903556359,0.85
0.014445739773936844,0.7878239903556359,0.8486853896103895
0.014445739773936844,0.7884267631103075,0.8485714285714286
0.014547113386385525,0.7884267631103075,0.8474561965811965
0.014547113386385525,0.7896323086196504,0.8455218253968252
0.014597800192609863,0.7896323086196504,0.8453075396825398
0.014597800192609863,0.7899336949969862,0.8452301587301585
0.014648486998834203,0.7914406268836649,0.845
0.014648486998834203,0.7917420132610006,0.8449121572871573
0.014699173805058544,0.7917420132610006,0.8440371572871573
0.014699173805058544,0.792344786015672,0.8433537581699346
0.014851234223731562,0.792344786015672,0.84114880952381
0.014901921029955903,0.7935503315250151,0.84
0.014901921029955903,0.7938517179023508,0.8390628677954011
0.015053981448628921,0.7938517179023508,0.8376468253968254
0.015053981448628921,0.7944544906570223,0.8365158730158732
0.015155355061077602,0.7944544906570223,0.8352142857142857
0.01525672867352628,0.7965641952983725,0.835
0.015358102285974961,0.7965641952983725,0.8349401859519875
0.01551016270464798,0.7965641952983725,0.83375
0.01561153631709666,0.7965641952983725,0.8316641414141412
0.01571290992954534,0.797166968053044,0.8313453661025908
0.01576359673576968,0.797166968053044,0.830831349206349
0.015915657154442698,0.797166968053044,0.8307756967361877
0.01611840437934006,0.7980711271850512,0.83
0.016270464798013078,0.7980711271850512,0.8297698412698413
0.016270464798013078,0.798372513562387,0.8290000000000001
0.016523898829134777,0.798372513562387,0.8251746031746029
0.016574585635359115,0.7998794454490658,0.825
0.016726646054032134,0.7998794454490658,0.820963372003813
0.016929393278929495,0.8010849909584087,0.8207860583422243
0.016980080085153833,0.8013863773357445,0.8202421705831136
0.016980080085153833,0.8019891500904159,0.82
0.017081453697602514,0.8019891500904159,0.8179819632981397
0.017081453697602514,0.8022905364677516,0.8150389610389611
0.017284200922499875,0.8025919228450874,0.815
0.017284200922499875,0.8031946955997589,0.8115714285714286
0.017436261341172894,0.8031946955997589,0.8102141053391051
0.017486948147397232,0.8044002411091019,0.81
0.017537634953621574,0.8044002411091019,0.8093055555555556
0.017537634953621574,0.8047016274864376,0.809
0.01774038217851893,0.8047016274864376,0.8077028527028525
0.01779106898474327,0.8050030138637734,0.8074396991896985
0.01779106898474327,0.8065099457504521,0.805
0.01789244259719195,0.8065099457504521,0.8045454545454546
0.01789244259719195,0.8071127185051236,0.8038002136752137
0.01799381620964063,0.8071127185051236,0.8032189375167316
0.01799381620964063,0.8074141048824593,0.8025
0.01804450301586497,0.8074141048824593,0.8015068624914667
0.01814587662831365,0.8080168776371308,0.8
0.01814587662831365,0.8083182640144665,0.7998749999999998
0.01824725024076233,0.8083182640144665,0.7983351534702536
0.018297937046986668,0.8083182640144665,0.7967474403615707
0.01860205788433271,0.8092224231464737,0.7957590901786188
0.01860205788433271,0.8095238095238095,0.7957056554556552
0.01860205788433271,0.8110307414104883,0.795
0.018652744690557048,0.8110307414104883,0.7949889138639135
0.018652744690557048,0.811332127787824,0.794
0.018703431496781386,0.811332127787824,0.7935661860407626
0.01875411830300573,0.8137432188065099,0.79
0.01885549191545441,0.8137432188065099,0.7889112151178711
0.018906178721678747,0.8140446051838457,0.7870014430014429
0.018906178721678747,0.8143459915611815,0.7852579365079362
0.019108925946576105,0.8158529234478602,0.785
0.019210299559024785,0.8158529234478602,0.7830247738372741
0.019210299559024785,0.8161543098251959,0.7825
0.019362359977697804,0.8167570825798673,0.7823350214117943
0.019362359977697804,0.8173598553345389,0.7801785714285715
0.019362359977697804,0.8185654008438819,0.78
0.019362359977697804,0.8188667872212176,0.779529761904762
0.019463733590146484,0.8188667872212176,0.7769452598877655
0.019463733590146484,0.8191681735985533,0.7768571428571428
0.019463733590146484,0.8203737191078964,0.775
0.019463733590146484,0.8209764918625678,0.7734583333333331
0.019565107202595165,0.8209764918625678,0.771010461760462
0.019767854427492525,0.8227848101265823,0.77
0.019818541233716864,0.8227848101265823,0.7675
0.020173348877287244,0.823086196503918,0.7653227649874356
0.02027472248973592,0.8236889692585895,0.765
0.02027472248973592,0.8239903556359253,0.7643174603174603
0.020325409295960262,0.8239903556359253,0.7622619047619047
0.02057884332708196,0.8248945147679325,0.7615159135305056
0.02057884332708196,0.8251959011452682,0.7615000000000001
0.02068021693953064,0.825497287522604,0.7609415764788432
0.02073090374575498,0.8257986738999398,0.76
0.02083227735820366,0.8257986738999398,0.7577056277056273
0.020933650970652338,0.8257986738999398,0.7555357142857143
0.020933650970652338,0.8261000602772754,0.755046395841492
0.02098433777687668,0.8264014466546112,0.755
0.021035024583101018,0.8264014466546112,0.7547859224109217
0.021339145420447056,0.8285111512959614,0.7545930189516041
0.021339145420447056,0.8288125376732972,0.75375
0.021541892645344417,0.8288125376732972,0.7535514865251703
0.021795326676466116,0.8288125376732972,0.753522407274465
0.021846013482690455,0.8291139240506329,0.7527788739038738
0.021896700288914796,0.8291139240506329,0.7517972582972585
0.021947387095139135,0.8297166968053044,0.75
0.022099447513812154,0.8297166968053044,0.7491550728038733
0.022099447513812154,0.8300180831826401,0.7490000000000001
0.022150134320036496,0.8303194695599759,0.7487892705591846
0.022504941963606872,0.8306208559373116,0.7487467567931845
0.022504941963606872,0.8312236286919831,0.7479583333333334
0.022606315576055552,0.8312236286919831,0.7475416666666667
0.022606315576055552,0.8315250150693189,0.7475
0.022707689188504233,0.8315250150693189,0.7473143939393938
0.02275837599472857,0.8315250150693189,0.7472067099567096
0.02275837599472857,0.8324291742013261,0.7452016594516594
0.022809062800952913,0.8324291742013261,0.7450288600288598
0.022961123219625932,0.8330319469559976,0.745
0.02311318363829895,0.8333333333333334,0.7446226578933619
0.02321455725074763,0.8333333333333334,0.7439484126984124
0.02321455725074763,0.8339361060880048,0.74375
0.02341730447564499,0.8339361060880048,0.7401102092352096
0.02341730447564499,0.8348402652200121,0.74
0.023569364894318007,0.8348402652200121,0.7376897546897547
0.023670738506766688,0.8348402652200121,0.7356316183816185
0.023772112119215368,0.836045810729355,0.735
0.02397485934411273,0.836045810729355,0.7328152003225533
0.024025546150337068,0.836045810729355,0.7324493145743145
0.024025546150337068,0.8363471971066908,0.7311448412698411
0.024076232956561406,0.8375527426160337,0.73
0.024076232956561406,0.8378541289933695,0.7294338023088024
0.024177606569010086,0.8378541289933695,0.7274166666666666
0.024329666987683105,0.8396624472573839,0.725
0.024380353793907447,0.8396624472573839,0.7246510420049502
0.024380353793907447,0.8399638336347197,0.7238883477633477
0.024481727406356124,0.8399638336347197,0.723597222222222
0.024481727406356124,0.8402652200120555,0.7227022707684467
0.024583101018804804,0.8402652200120555,0.7226197869069699
0.024735161437477823,0.840867992766727,0.7220470255270364
0.024785848243702165,0.840867992766727,0.7216041549916209
0.024887221856150842,0.840867992766727,0.7204754129384544
0.024887221856150842,0.8420735382760699,0.72
0.024887221856150842,0.8423749246534057,0.7190424434199754
0.024988595468599523,0.8423749246534057,0.7169761904761903
0.025039282274823865,0.8423749246534057,0.7155456349206345
0.02514065588727254,0.8432790837854129,0.715
0.025343403112169902,0.8435804701627486,0.7117390013997684
0.02549546353084292,0.8435804701627486,0.7100569985569983
0.025546150337067263,0.8447860156720917,0.71
0.0255968371432916,0.8447860156720917,0.709920038295038
0.0255968371432916,0.8453887884267631,0.7094444444444444
0.025698210755740282,0.8453887884267631,0.7050373376623377
0.0258502711744133,0.8459915611814346,0.705
0.0258502711744133,0.8462929475587704,0.704262705431823
0.02590095798063764,0.8462929475587704,0.700625
0.02600233159308632,0.8474984930681133,0.7
0.026053018399310658,0.8474984930681133,0.6997123015873012
0.026053018399310658,0.8481012658227848,0.698
0.026103705205535,0.8481012658227848,0.6973204295704295
0.02620507881798368,0.8484026522001206,0.6963558293446988
0.02620507881798368,0.849005424954792,0.6954016646630543
0.0263571392366567,0.8499095840867993,0.695
0.0266105732677784,0.8499095840867993,0.6940179089583935
0.0266105732677784,0.8505123568414708,0.69
0.0266105732677784,0.8511151295961422,0.686
0.026762633686451417,0.851416515973478,0.685
0.026813320492675756,0.851416515973478,0.6829999999999999
0.026864007298900098,0.8517179023508138,0.6816294261294265
0.026965380911348775,0.8523206751054853,0.68
0.027016067717573117,0.8526220614828209,0.675
0.027117441330021794,0.8526220614828209,0.674
0.027117441330021794,0.8535262206148282,0.672938492063492
0.027269501748694816,0.8535262206148282,0.672201479076479
0.027320188554919154,0.853827606992164,0.6702988400488397
0.027320188554919154,0.8556359252561784,0.67
0.027370875361143493,0.8556359252561784,0.669375
0.027370875361143493,0.8559373116335142,0.6691666666666666
0.027421562167367835,0.8559373116335142,0.6685914502164497
0.027522935779816515,0.8559373116335142,0.6685256965256962
0.027573622586040854,0.8559373116335142,0.6669493300816829
0.02777636981093821,0.8559373116335142,0.6656650772258356
0.027827056617162553,0.8559373116335142,0.6653652042402041
0.027928430229611233,0.85623869801085,0.665
0.027928430229611233,0.8565400843881856,0.6645790043290043
0.027979117035835572,0.8565400843881856,0.6641336674832249
0.027979117035835572,0.8568414707655214,0.6625
0.02802980384205991,0.8571428571428571,0.6624816572163151
0.02802980384205991,0.8574442435201929,0.6621156204906202
0.028080490648284252,0.8574442435201929,0.6620236291486288
0.02813117745450859,0.8577456298975287,0.6617343289055161
0.02823255106695727,0.8583484026522001,0.66
0.02823255106695727,0.8586497890295358,0.658861111111111
0.02828323787318161,0.8586497890295358,0.6586666666666667
0.02828323787318161,0.8589511754068716,0.6554718227775029
0.028435298291854632,0.8598553345388789,0.655
0.02848598509807897,0.8598553345388789,0.6544301948051945
0.02848598509807897,0.8604581072935503,0.6532738095238095
0.02853667190430331,0.8604581072935503,0.6520948357198355
0.02853667190430331,0.8607594936708861,0.6514545454545455
0.02858735871052765,0.8607594936708861,0.6500277777777776
0.028688732322976328,0.8610608800482218,0.65
0.02873941912920067,0.8610608800482218,0.649587676212676
0.02909422677277105,0.8616636528028933,0.6491476911910836
0.02909422677277105,0.861965039180229,0.6488443970245441
0.029195600385219726,0.861965039180229,0.6481226832592932
0.029398347610117087,0.861965039180229,0.6450946969696968
0.029499721222565767,0.8625678119349005,0.645
0.029550408028790106,0.8625678119349005,0.6438333333333333
0.029550408028790106,0.8628691983122363,0.6433333333333334
0.029601094835014444,0.8628691983122363,0.6410310245310247
0.029702468447463125,0.8628691983122363,0.6404563492063491
0.029803842059911805,0.864376130198915,0.64
0.029905215672360486,0.864376130198915,0.6371651404151405
0.030412083734603884,0.864376130198915,0.6360130201632351
0.030462770540828223,0.864376130198915,0.6352813852813853
0.03066551776572558,0.8652802893309223,0.635
0.030716204571949922,0.8652802893309223,0.634015873015873
0.030817578184398602,0.865581675708258,0.6339051833270475
0.03091895179684728,0.865581675708258,0.6327435064935065
0.03091895179684728,0.8661844484629295,0.6326190476190476
0.03096963860307162,0.8661844484629295,0.63086788790256
0.0310710122155203,0.8664858348402652,0.63
0.03117238582796898,0.8664858348402652,0.6294015151515151
0.03122307263419332,0.8664858348402652,0.6292857142857143
0.03122307263419332,0.866787221217601,0.6290300968872398
0.03142581985909068,0.866787221217601,0.6286471613998744
0.03152719347153936,0.866787221217601,0.6279523809523809
0.03152719347153936,0.8670886075949367,0.6275
0.0315778802777637,0.8670886075949367,0.6261647657897652
0.0315778802777637,0.8676913803496082,0.625
0.0315778802777637,0.8679927667269439,0.6242857142857143
0.031628567083988035,0.8679927667269439,0.6232753759398496
0.031628567083988035,0.8685955394816154,0.6210548340548339
0.03172994069643672,0.8685955394816154,0.6206792582417583
0.031882001115109734,0.8688969258589512,0.62
0.031882001115109734,0.869198312236287,0.618452380952381
0.03193268792133408,0.869198312236287,0.618125
0.03193268792133408,0.8694996986136226,0.6173968253968254
0.03203406153378276,0.8698010849909584,0.6171000304912174
0.03218612195245578,0.8698010849909584,0.6158292124542124
0.032338182371128794,0.8701024713682941,0.6157632859082508
0.03249024278980182,0.8701024713682941,0.6151017454767449
0.032591616402250494,0.8710066305003014,0.615
0.03269299001469917,0.8710066305003014,0.613155303030303
0.03269299001469917,0.8713080168776371,0.6117857142857143
0.032743676820923516,0.8713080168776371,0.6114861111111108
0.032743676820923516,0.8719107896323086,0.6104633838383837
0.03284505043337219,0.8722121760096444,0.61
0.03284505043337219,0.8725135623869801,0.6095675990675992
0.03289573723959653,0.8725135623869801,0.6091666666666667
0.03309848446449389,0.8737191078963231,0.6088201787862433
0.03314917127071823,0.8737191078963231,0.6076028787118268
0.033250544883166915,0.8740204942736588,0.6057947909391574
0.03340260530183993,0.8752260397830018,0.605
0.03340260530183993,0.8755274261603375,0.604
0.03355466572051295,0.8755274261603375,0.6026201298701299
0.03360535252673729,0.8755274261603375,0.6015217391304347
0.03380809975163465,0.8767329716696806,0.6
0.03396016017030767,0.8767329716696806,0.5990613663969853
0.034010846976532005,0.8767329716696806,0.5981689144189148
0.034010846976532005,0.877335744424352,0.5976284410034409
0.034010846976532005,0.8776371308016878,0.5975
0.03406153378275635,0.8776371308016878,0.5974535533910533
0.03416290739520503,0.8776371308016878,0.5970598845598848
0.034213594201429366,0.8776371308016878,0.5968756105006104
0.034213594201429366,0.8779385171790235,0.5964136655058934
0.034264281007653705,0.8791440626883665,0.595
0.03436565462010239,0.8791440626883665,0.5943690476190475
0.034467028232551065,0.8791440626883665,0.5941069624819623
0.034517715038775404,0.8791440626883665,0.5940106560106557
0.034517715038775404,0.879746835443038,0.5923528971028972
0.03487252268234579,0.879746835443038,0.5908468206494508
0.034923209488570126,0.8809523809523809,0.59
0.03507526990724315,0.8818565400843882,0.585
0.03522733032591616,0.8818565400843882,0.5846905594405593
0.035379390744589186,0.8818565400843882,0.5823333333333334
0.03558213796948654,0.882157926461724,0.5814447225910355
0.03583557200060824,0.882157926461724,0.5806300030764762
0.035886258806832584,0.882157926461724,0.5805615356865357
0.0360383192255056,0.8827606992163954,0.58
0.03624106645040296,0.8827606992163954,0.5768696026196026
0.03634244006285164,0.8827606992163954,0.5762774741039834
0.03644381367530032,0.8830620855937311,0.575
0.03649450048152466,0.8830620855937311,0.5739461094461095
0.03649450048152466,0.8833634719710669,0.5729166666666666
0.036545187287749,0.8833634719710669,0.5728531746031745
0.036545187287749,0.8839662447257384,0.5688058608058608
0.036595874093973337,0.8839662447257384,0.5671799450549451
0.036899994931319374,0.8839662447257384,0.5659133706641022
0.036899994931319374,0.8842676311030742,0.5656071428571429
0.03700136854376806,0.8842676311030742,0.5652234015984017
0.0370520553499924,0.8842676311030742,0.5650975829725828
0.0370520553499924,0.8848704038577456,0.565
0.037102742156216735,0.8848704038577456,0.5645851838435042
0.037102742156216735,0.8854731766124171,0.5619444444444445
0.037153428962441074,0.8854731766124171,0.5609940476190477
0.037153428962441074,0.8857745629897529,0.5601903318903318
0.037558923412235795,0.8860759493670886,0.56
0.037761670637133156,0.8860759493670886,0.5560870379620381
0.03791373105580617,0.8860759493670886,0.555
0.038015104668254855,0.8860759493670886,0.5517738095238093
0.03842059911804957,0.8875828812537673,0.55
0.03847128592427391,0.8878842676311031,0.5494396015061649
0.03847128592427391,0.8881856540084389,0.549089285714286
0.03857265953672259,0.8881856540084389,0.5489486755103008
0.03862334634294693,0.8881856540084389,0.54875
0.03862334634294693,0.8884870403857745,0.5483333333333333
0.03882609356784429,0.8884870403857745,0.5477575596908362
0.03882609356784429,0.8887884267631103,0.5476468253968254
0.03958639566120939,0.8890898131404461,0.5474500854913483
0.03963708246743373,0.8890898131404461,0.5450108932461873
0.03978914288610674,0.8896925858951176,0.545
0.03989051649855543,0.8899939722724532,0.5443971276266178
0.039941203304779765,0.8899939722724532,0.5442857142857143
0.04004257691722844,0.8899939722724532,0.5427332806082805
0.04004257691722844,0.890295358649789,0.5425
0.04054944497947184,0.890295358649789,0.5399742895992897
0.04070150539814486,0.890295358649789,0.53981240981241
0.0407521922043692,0.890295358649789,0.5383333333333333
0.040904252623042224,0.890295358649789,0.5382913059163058
0.0410056262354909,0.890295358649789,0.5365486457986459
0.0412590602666126,0.890295358649789,0.5357925605798625
0.04130974707283694,0.890295358649789,0.5353739177489177
0.04141112068528562,0.8911995177817963,0.535
0.0415124942977343,0.8911995177817963,0.5348898459604463
0.041613867910182976,0.8911995177817963,0.5340752858252857
0.04196867555375336,0.8911995177817963,0.5328487648985548
0.0420193623599777,0.8911995177817963,0.5320555555555555
0.042120735972426375,0.8911995177817963,0.5314031385281387
0.04222210958487506,0.8911995177817963,0.5300714285714285
0.0425262304222211,0.891500904159132,0.53
0.0425262304222211,0.8921036769138035,0.5293165568092036
0.042627604034669773,0.8921036769138035,0.5292726301476299
0.04272897764711846,0.8921036769138035,0.5257422993672994
0.042830351259567134,0.8921036769138035,0.525630988458764
0.043033098484464495,0.892706449668475,0.525
0.04313447209691317,0.892706449668475,0.5248154761904762
0.04318515890313751,0.8930078360458107,0.524375
0.04318515890313751,0.8933092224231465,0.5226190476190476
0.043235845709361856,0.8933092224231465,0.5225
0.04364134015915657,0.8933092224231465,0.5224556921466889
0.04379340057782959,0.8936106088004823,0.52
0.04389477419027827,0.8936106088004823,0.5178057498057498
0.04389477419027827,0.8939119951778179,0.5166666666666667
0.04394546099650261,0.8939119951778179,0.51625
0.04394546099650261,0.8942133815551537,0.5160099206349206
0.04404683460895129,0.8942133815551537,0.5155010822510819
0.04409752141517563,0.8942133815551537,0.5150365745365746
0.04419889502762431,0.895117540687161,0.515
0.04419889502762431,0.8954189270644967,0.5145833333333333
0.044249581833848646,0.8957203134418324,0.5125605848599032
0.04430026864007299,0.8957203134418324,0.5115811432719326
0.04435095544629733,0.8963230861965039,0.5113598950685874
0.04435095544629733,0.8966244725738397,0.51
0.04445232905874601,0.8966244725738397,0.5091069943752572
0.04455370267119469,0.8966244725738397,0.5071201159951163
0.045009883927213744,0.8975286317058468,0.5060324622409209
0.04506057073343809,0.8975286317058468,0.5056131187652926
0.04506057073343809,0.8978300180831826,0.5050833333333332
0.045212631152111105,0.8981314044605184,0.505
0.04526331795833544,0.8981314044605184,0.5044583333333333
0.04536469157078413,0.8981314044605184,0.5038031690531694
0.04556743879568148,0.8981314044605184,0.5034826770451771
0.04556743879568148,0.8987341772151899,0.5006813603063605
0.04577018602057884,0.8993369499698614,0.5001465227089804
0.045922246439251864,0.8996383363471971,0.5
0.0464798013077196,0.9005424954792043,0.4996653492102665
0.04653048811394394,0.9005424954792043,0.4982091325660699
0.04663186172639262,0.9005424954792043,0.49743505909295377
0.04663186172639262,0.9008438818565401,0.4969871794871794
0.0467332353388413,0.9008438818565401,0.49692696682402543
0.04683460895128998,0.9008438818565401,0.49674999999999997
0.04683460895128998,0.9011452682338759,0.4965952380952381
0.046885295757514316,0.9011452682338759,0.49624537037037036
0.04693598256373866,0.9014466546112115,0.495
0.0472401034010847,0.9014466546112115,0.4913698523698522
0.047341477013533376,0.9014466546112115,0.49095235320235325
0.04744285062598206,0.9017480409885473,0.49
0.047797658269552436,0.9017480409885473,0.48946530459218446
0.047797658269552436,0.9020494273658831,0.4881130952380952
0.047848345075776774,0.9020494273658831,0.4875
0.048253839525571496,0.9023508137432188,0.4864727484445908
0.048253839525571496,0.9026522001205546,0.4864246031746031
0.048304526331795834,0.9026522001205546,0.48610912698412706
0.048507273556693195,0.9026522001205546,0.485
0.04865933397536621,0.9026522001205546,0.4847821097020421
0.04871002078159055,0.9026522001205546,0.48416666666666663
0.04896345481271225,0.9026522001205546,0.4821914855720549
0.049014141618936594,0.9026522001205546,0.4796661116661116
0.04916620203760961,0.9026522001205546,0.4795833333333333
0.04921688884383395,0.9026522001205546,0.47875
0.04921688884383395,0.9029535864978903,0.4782499999999999
0.04926757565005829,0.9029535864978903,0.4780304262730732
0.04936894926250697,0.9035563592525618,0.47789200250519026
0.04941963606873131,0.9035563592525618,0.4778692279942279
0.04982513051852603,0.9035563592525618,0.4773296741576173
0.04992650413097471,0.9041591320072333,0.475
0.05007856454964773,0.9041591320072333,0.47399076617826635
0.05007856454964773,0.904460518384569,0.4727995476745477
0.05012925135587207,0.904460518384569,0.4722994227994228
0.050686806224339805,0.904460518384569,0.47189925460777077
0.05078817983678848,0.904460518384569,0.4709569677118472
0.05083886664301283,0.904460518384569,0.47034196911818765
0.0511936742865832,0.9053646775165762,0.47
0.0511936742865832,0.905666063893912,0.46861576617826634
0.05129504789903188,0.905666063893912,0.4677400949524362
0.05154848193015358,0.905666063893912,0.4672322313574026
0.05164985554260226,0.905666063893912,0.4670969173454535
0.05164985554260226,0.9059674502712477,0.46630952380952373
0.0517005423488266,0.9065702230259193,0.465
0.05175122915505094,0.9065702230259193,0.4636365962642558
0.05185260276749962,0.9065702230259193,0.46332363469863486
0.05185260276749962,0.906871609403255,0.46148214285714284
0.05205534999239698,0.9074743821579264,0.46139324990632774
0.05205534999239698,0.9077757685352622,0.46083333333333326
0.05215672360484566,0.9077757685352622,0.46
0.05230878402351868,0.9077757685352622,0.45955371937872763
0.05230878402351868,0.9083785412899337,0.4594317002442002
0.05241015763596736,0.9083785412899337,0.4592087014292895
0.0524608444421917,0.9083785412899337,0.45899781781399435
0.052562218054640376,0.9083785412899337,0.4588056110556113
0.05266359166708905,0.9083785412899337,0.4574076486024258
0.052815652085762076,0.9083785412899337,0.4561567599067601
0.052815652085762076,0.9086799276672695,0.4556563852813852
0.05291702569821075,0.9086799276672695,0.455
0.053271833341781136,0.9086799276672695,0.4534291478263679
0.05367732779157585,0.9089813140446051,0.4528354479483079
0.053778701404024534,0.9089813140446051,0.45042867549117543
0.05418419585381925,0.9089813140446051,0.45
0.05418419585381925,0.9092827004219409,0.4483333333333333
0.05423488266004359,0.9092827004219409,0.44778858763785223
0.05438694307871661,0.9092827004219409,0.44744769119769123
0.054741750722286986,0.9092827004219409,0.44676381015661604
0.05484312433473567,0.9092827004219409,0.44591071428571427
0.05509655836585737,0.9095840867992767,0.445
0.05514724517208171,0.9095840867992767,0.44429792192292433
0.05529930559075473,0.9095840867992767,0.4432727897102901
0.05534999239697907,0.9095840867992767,0.4425853174603175
0.055502052815652084,0.9095840867992767,0.4414078258342965
0.05560342642810077,0.9095840867992767,0.44101393989996923
0.05575548684677378,0.9098854731766124,0.44
0.055907547265446805,0.9098854731766124,0.4374507718588601
0.05600892087789548,0.9098854731766124,0.4359186507936508
0.05626235490901718,0.9098854731766124,0.435
0.05626235490901718,0.9101868595539482,0.43333333333333335
0.056363728521465865,0.9101868595539482,0.4323234820734823
0.056414415327690204,0.9101868595539482,0.4316666666666667
0.056617162552587565,0.9101868595539482,0.43
0.0566678493588119,0.9101868595539482,0.4296705292256762
0.0566678493588119,0.9104882459312839,0.428
0.05676922297126058,0.9104882459312839,0.42585317460317457
0.05676922297126058,0.9107896323086196,0.42584416971916966
0.056870596583709264,0.9107896323086196,0.4255740864884357
0.05707334380860662,0.9107896323086196,0.425
0.05707334380860662,0.9110910186859554,0.4248229415512022
0.057124030614830956,0.9110910186859554,0.42454545454545456
0.05722540422727964,0.9110910186859554,0.42438715451215453
0.05727609103350398,0.9110910186859554,0.4240004603239894
0.057377464645952655,0.9110910186859554,0.42258652555771925
0.057428151452177,0.9110910186859554,0.4225
0.05752952506462568,0.9113924050632911,0.42180647130647125
0.057580211870850016,0.9113924050632911,0.42107539682539685
0.057580211870850016,0.9119951778179626,0.42
0.05813776673931775,0.9132007233273056,0.41966210020059175
0.0581884535455421,0.9132007233273056,0.41851190476190475
0.05839120077043945,0.9132007233273056,0.4155881510989871
0.05889806883268285,0.9138034960819771,0.4150758151044818
0.05910081605758021,0.9141048824593129,0.415
0.05915150286380455,0.9141048824593129,0.41465109890109886
0.05935425008870191,0.9141048824593129,0.41054074446225597
0.05960768411982361,0.9144062688366486,0.41
0.05970905773227229,0.9144062688366486,0.40622023809523816
0.05981043134472097,0.9150090415913201,0.405
0.05991180495716965,0.9150090415913201,0.4038214285714286
0.05996249176339399,0.9150090415913201,0.40361202686202674
0.06011455218206701,0.9150090415913201,0.401998121159886
0.06031729940696437,0.9156118143459916,0.4
0.060520046631861724,0.9156118143459916,0.3992247058497059
0.06062142024431041,0.9156118143459916,0.3954047619047618
0.06062142024431041,0.9159132007233273,0.395
0.06077348066298342,0.9159132007233273,0.3945401779592956
0.06087485427543211,0.9159132007233273,0.3944767666973552
0.06087485427543211,0.9162145871006631,0.3943492063492064
0.060976227887880784,0.9162145871006631,0.39321031746031737
0.060976227887880784,0.9165159734779988,0.393125
0.06107760150032947,0.9165159734779988,0.3922974165926953
0.06107760150032947,0.9168173598553345,0.39150162337662336
0.061178975112778144,0.9168173598553345,0.3903511904761903
0.061381722337675505,0.9171187462326703,0.39
0.06153378275634852,0.917420132610006,0.38934189421689425
0.06158446956257286,0.917420132610006,0.3892770146520146
0.06158446956257286,0.9177215189873418,0.389
0.061635156368797205,0.9177215189873418,0.38775
0.061635156368797205,0.9180229053646776,0.3875
0.06178721678747022,0.9180229053646776,0.3863690476190476
0.06219271123726494,0.9183242917420132,0.385
0.06224339804348928,0.9183242917420132,0.38375
0.06224339804348928,0.918625678119349,0.38340606697224344
0.06234477165593796,0.918625678119349,0.38020562770562777
0.06269957929950834,0.9192284508740205,0.38
0.06269957929950834,0.9195298372513563,0.37976785714285705
0.06320644736175174,0.9195298372513563,0.377809309667413
0.06351056819909777,0.9195298372513563,0.37759570168393736
0.06351056819909777,0.919831223628692,0.37707927280837494
0.06366262861777079,0.919831223628692,0.37057173382173386
0.06391606264889249,0.919831223628692,0.37
0.06396674945511684,0.919831223628692,0.36977777777777776
0.06396674945511684,0.9201326100060278,0.36833333333333335
0.06401743626134117,0.9201326100060278,0.36768650793650787
0.06416949668001419,0.9201326100060278,0.3676446625270157
0.06422018348623854,0.9201326100060278,0.3665
0.06422018348623854,0.9204339963833634,0.36642857142857144
0.06427087029246287,0.9204339963833634,0.3662116402116402
0.06447361751736023,0.9204339963833634,0.365930425783367
0.06477773835470627,0.9207353827606992,0.365
0.06492979877337929,0.9207353827606992,0.3617615918223504
0.06492979877337929,0.921036769138035,0.36166666666666664
0.06513254599827664,0.9219409282700421,0.36
0.06513254599827664,0.9222423146473779,0.3585277222777223
0.06558872725429571,0.9222423146473779,0.35569494523364503
0.06599422170409043,0.9228450874020494,0.355
0.06599422170409043,0.9231464737793852,0.35493957431457424
0.06604490851031476,0.9231464737793852,0.3539166666666666
0.06614628212276344,0.9231464737793852,0.35380105242624615
0.06614628212276344,0.9234478601567209,0.3533333333333333
0.06619696892898778,0.9234478601567209,0.35166666666666674
0.06645040296010948,0.9234478601567209,0.3503532302948723
0.06655177657255816,0.9237492465340567,0.35
0.06700795782857723,0.9237492465340567,0.34966854031112193
0.06705864463480156,0.9237492465340567,0.34906746031746033
0.06705864463480156,0.9240506329113924,0.348932762498939
0.06716001824725024,0.9240506329113924,0.34884485185007624
0.06741345227837194,0.9240506329113924,0.3476123488439667
0.06751482589082063,0.9240506329113924,0.3474477001756413
0.06771757311571798,0.9243520192887281,0.345
0.0681230675655127,0.9243520192887281,0.3444117048472301
0.06852856201530741,0.9252561784207354,0.3411931555033616
0.06883268285265345,0.9261603375527426,0.34
0.06893405646510213,0.9261603375527426,0.3376386401695999
0.06928886410867251,0.9264617239300783,0.335
0.06928886410867251,0.9267631103074141,0.33498809523809525
0.0693902377211212,0.9267631103074141,0.3349166666666667
0.06949161133356987,0.9267631103074141,0.33024449161949154
0.0697957321709159,0.9267631103074141,0.33
0.06984641897714025,0.9267631103074141,0.3295238095238095
0.06994779258958893,0.9267631103074141,0.32619235707103367
0.07045466065183233,0.9267631103074141,0.325
0.07045466065183233,0.9270644966847499,0.3241666666666667
0.07065740787672968,0.9273658830620856,0.32175572950011827
0.07075878148917837,0.9279686558167571,0.32119463914568414
0.0708094682954027,0.9279686558167571,0.32010912698412697
0.07111358913274875,0.9282700421940928,0.32
0.07121496274519742,0.9282700421940928,0.3192857142857143
0.0713163363576461,0.9282700421940928,0.31857142857142856
0.07146839677631912,0.9282700421940928,0.31558445027195026
0.07172183080744082,0.9291742013261001,0.315
0.07187389122611385,0.9291742013261001,0.31343849206349206
0.07187389122611385,0.9294755877034359,0.3111480880230879
0.07192457803233818,0.9294755877034359,0.3107270923520922
0.07217801206345988,0.9300783604581073,0.31
0.07222869886968422,0.9300783604581073,0.30966666666666665
0.07222869886968422,0.9306811332127788,0.3081414651414651
0.07227938567590857,0.9306811332127788,0.3075
0.07238075928835724,0.9306811332127788,0.3057920876852766
0.07243144609458158,0.9306811332127788,0.30523809523809525
0.0728369405443763,0.9306811332127788,0.305
0.07293831415682497,0.9306811332127788,0.302575216225875
0.07303968776927366,0.9312839059674503,0.30148006452611725
0.073090374575498,0.9312839059674503,0.30014835164835174
0.07339449541284404,0.9312839059674503,0.3
0.0735972426377414,0.931585292344786,0.29974828508265033
0.07374930305641442,0.931585292344786,0.2963639971139971
0.07420548431243347,0.9318866787221217,0.295
0.07430685792488215,0.9318866787221217,0.29345238095238096
0.07445891834355517,0.9318866787221217,0.2933800921300922
0.07450960514977951,0.9318866787221217,0.29229960317460313
0.07466166556845254,0.9324894514767933,0.29
0.07476303918090121,0.9324894514767933,0.28833333333333333
0.07496578640579857,0.9324894514767933,0.287012746691733
0.07511784682447159,0.932790837854129,0.285
0.07511784682447159,0.9330922242314648,0.2849404761904762
0.07521922043692027,0.9330922242314648,0.2814925394952485
0.07521922043692027,0.9333936106088004,0.2805469322344322
0.07526990724314461,0.9336949969861362,0.2804065656565657
0.07572608849916367,0.9342977697408077,0.28
0.07577677530538801,0.9342977697408077,0.2794059509055499
0.07577677530538801,0.9345991561181435,0.27761596628465296
0.07582746211161234,0.9349005424954792,0.2774000721500721
0.07592883572406103,0.9349005424954792,0.27601412794292046
0.07643570378630442,0.9349005424954792,0.275
0.07663845101120179,0.9349005424954792,0.27241025641025646
0.07684119823609914,0.9349005424954792,0.2722579918679158
0.07689188504232349,0.9349005424954792,0.27037153562463123
0.07714531907344518,0.935201928872815,0.27
0.07724669268589386,0.935201928872815,0.2697857142857143
0.07770287394191291,0.9355033152501507,0.2681942445478004
0.07785493436058594,0.9355033152501507,0.26818077955793324
0.07795630797303461,0.9355033152501507,0.26781913170286437
0.07800699477925896,0.9355033152501507,0.2663333333333333
0.07800699477925896,0.9358047016274864,0.2660799755799756
0.07841248922905368,0.9361060880048222,0.265
0.07846317603527801,0.9361060880048222,0.2649107142857143
0.07917279132241878,0.9361060880048222,0.26018033441127014
0.07973034619088651,0.9364074743821579,0.26
0.07973034619088651,0.9367088607594937,0.2596666666666667
0.07978103299711085,0.9367088607594937,0.25961904761904764
0.08003446702823255,0.9367088607594937,0.2594703511563368
0.08008515383445688,0.9367088607594937,0.259
0.0804906482842516,0.9367088607594937,0.25847463084730904
0.08054133509047595,0.9367088607594937,0.25833333333333336
0.08079476912159765,0.9367088607594937,0.25768068900969365
0.08165644482741143,0.9370102471368295,0.2573093327168291
0.08170713163363577,0.9370102471368295,0.25728535353535353
0.08190987885853313,0.9370102471368295,0.2572668291496346
0.08211262608343048,0.9373116335141651,0.25659603296600214
0.0822646865021035,0.9376130198915009,0.2563089735080581
0.08236606011455218,0.9376130198915009,0.2559733889952796
0.08272086775812255,0.9376130198915009,0.2550809984101889
0.08343048304526332,0.9379144062688366,0.255
0.08368391707638502,0.9379144062688366,0.2547740932892284
0.08383597749505804,0.9379144062688366,0.2543981510704488
0.08398803791373105,0.9379144062688366,0.25281757155009793
0.08444421916975012,0.9382157926461724,0.25
0.0847990268133205,0.9382157926461724,0.24941369822894086
0.08490040042576917,0.9382157926461724,0.2484246031746032
0.08490040042576917,0.9385171790235082,0.24837631186174544
0.08515383445689087,0.9385171790235082,0.24512058879535542
0.08566070251913427,0.9388185654008439,0.245
0.08571138932535861,0.9388185654008439,0.24444444444444444
0.08652237822494804,0.9388185654008439,0.24002211327973721
0.08677581225606974,0.9388185654008439,0.24
0.08677581225606974,0.9391199517781796,0.239875
0.08692787267474276,0.9391199517781796,0.2367857142857143
0.08692787267474276,0.9394213381555153,0.23638257575757574
0.08697855948096711,0.9394213381555153,0.23593872845666158
0.08748542754321051,0.9394213381555153,0.235
0.08773886157433221,0.9394213381555153,0.23274999999999998
0.08784023518678089,0.9394213381555153,0.23210897435897432
0.08789092199300522,0.9394213381555153,0.23166666666666663
0.08804298241167824,0.9394213381555153,0.2306548938777534
0.08809366921790258,0.9397227245328511,0.23017970751915257
0.08849916366769729,0.9397227245328511,0.23
0.08854985047392164,0.9397227245328511,0.22872306695349454
0.08854985047392164,0.9400241109101869,0.22868452380952375
0.08895534492371636,0.9406268836648584,0.22779240824309333
0.08900603172994069,0.9406268836648584,0.22770833333333332
0.08925946576106239,0.9406268836648584,0.22737976333241844
0.08946221298595976,0.9406268836648584,0.22694298749421424
0.08956358659840843,0.9406268836648584,0.22639233249419857
0.09007045466065183,0.9415310427968656,0.225
0.09012114146687618,0.9415310427968656,0.22488455988455988
0.09012114146687618,0.9418324291742013,0.22477777777777777
0.09022251507932486,0.9418324291742013,0.22402976190476195
0.09032388869177353,0.9418324291742013,0.22346428571428573
0.09032388869177353,0.9421338155515371,0.22166666666666668
0.09098281717268995,0.9424352019288729,0.22
0.09103350397891428,0.9424352019288729,0.21944444444444444
0.09113487759136296,0.9427365883062085,0.2182162518853695
0.09118556439758731,0.9427365883062085,0.21799775978161015
0.09138831162248466,0.9430379746835443,0.2179704662621744
0.09159105884738203,0.9430379746835443,0.215625
0.0921993005220741,0.94333936106088,0.215
0.09250342135942015,0.94333936106088,0.21424264633976567
0.09260479497186883,0.94333936106088,0.21359325396825404
0.0932130366465609,0.9439421338155516,0.21284876673753225
0.09326372345278525,0.9439421338155516,0.2125
0.09326372345278525,0.9442435201928873,0.21125
0.09356784429013128,0.9442435201928873,0.21
0.09402402554615033,0.9442435201928873,0.20996188809632396
0.0942267727710477,0.9442435201928873,0.20844047619047618
0.09432814638349638,0.9442435201928873,0.2078095238095238
0.09437883318972072,0.9442435201928873,0.2068888888888889
0.0944802068021694,0.9442435201928873,0.2059444444444444
0.09488570125196412,0.9451476793248945,0.205
0.09493638805818845,0.9451476793248945,0.20413888888888887
0.09493638805818845,0.9454490657022303,0.20375
0.09513913528308582,0.9454490657022303,0.20005952380952383
0.09569669015155355,0.9454490657022303,0.2
0.09589943737645092,0.9454490657022303,0.1995275974025974
0.09605149779512392,0.9454490657022303,0.19874424880674885
0.09605149779512392,0.945750452079566,0.197375
0.09640630543869431,0.945750452079566,0.19723002129916406
0.09650767905114299,0.945750452079566,0.19672126831501832
0.09701454711338639,0.945750452079566,0.195
0.09706523391961072,0.9460518384569018,0.19490146686519683
0.09706523391961072,0.9463532248342374,0.19390439421689418
0.0971666075320594,0.9463532248342374,0.19375
0.09802828323787319,0.9466546112115732,0.19
0.09807897004409752,0.9466546112115732,0.18847817460317468
0.0981803436565462,0.9466546112115732,0.18845238095238095
0.0981803436565462,0.946955997588909,0.18774999999999997
0.0984337776876679,0.946955997588909,0.18641666666666662
0.09899133255613564,0.9472573839662447,0.185
0.09909270616858432,0.9472573839662447,0.1825
0.09934614019970602,0.9472573839662447,0.18017796699487135
0.09980232145572507,0.9472573839662447,0.18
0.10020781590551979,0.9472573839662447,0.1782100455004559
0.10025850271174414,0.9472573839662447,0.17666666666666667
0.10025850271174414,0.9475587703435805,0.1754685283765255
0.10030918951796847,0.9475587703435805,0.17527777777777778
0.10076537077398753,0.9475587703435805,0.1752674455840114
0.10101880480510923,0.9478601567209162,0.17518990664319975
0.10101880480510923,0.948161543098252,0.17514752077987367
0.10106949161133356,0.948161543098252,0.175140873015873
0.10182979370469866,0.948161543098252,0.175
0.10188048051092301,0.948161543098252,0.1746153846153846
0.1023873485731664,0.948161543098252,0.174342425013017
0.10253940899183943,0.948161543098252,0.17275936526923366
0.10269146941051244,0.948161543098252,0.17171232392031435
0.10274215621673678,0.948161543098252,0.1714702380952381
0.10274215621673678,0.9484629294755877,0.1712873936237107
0.10284352982918546,0.9484629294755877,0.17061904761904764
0.10355314511632623,0.9487643158529234,0.17
0.10360383192255056,0.9487643158529234,0.16997709235209243
0.10375589234122358,0.9487643158529234,0.16897489780508265
0.10400932637234528,0.9487643158529234,0.16601695526695529
0.10497237569060773,0.9487643158529234,0.1650374359294791
0.1055806173652998,0.9493670886075949,0.165
0.10588473820264585,0.9493670886075949,0.1607479784366577
0.10588473820264585,0.9496684749849307,0.16055555555555556
0.10705053474580567,0.9502712477396021,0.16
0.10705053474580567,0.9505726341169379,0.15998678378733186
0.10710122155203,0.9505726341169379,0.15964114398673226
0.10740534238937605,0.9505726341169379,0.15917218078236722
0.1076080896142734,0.9505726341169379,0.15749999999999997
0.10796289725784379,0.9508740204942736,0.15702626258733474
0.10801358406406812,0.9508740204942736,0.15631636419136422
0.10846976532008717,0.9508740204942736,0.15603537405989332
0.10917938060722794,0.9514767932489452,0.155
0.1093821278321253,0.9514767932489452,0.15333333333333335
0.1093821278321253,0.9517781796262809,0.15303463203463205
0.10943281463834964,0.9517781796262809,0.15216666666666667
0.11075067160018247,0.9523809523809523,0.15203488125468298
0.11080135840640681,0.9523809523809523,0.15183590468112457
0.11090273201885549,0.9523809523809523,0.1508241341991342
0.11181509453089361,0.9529837251356239,0.15
0.11196715494956663,0.9529837251356239,0.1492857142857143
0.11247402301181003,0.9529837251356239,0.1477052444106283
0.11252470981803436,0.9529837251356239,0.1461547619047619
0.11328501191139946,0.9532851115129596,0.145
0.11348775913629683,0.9532851115129596,0.1425
0.1135891327487455,0.9532851115129596,0.1422629315129315
0.11470424248568098,0.9532851115129596,0.14
0.11475492929190531,0.9532851115129596,0.13956349206349208
0.11475492929190531,0.9535864978902954,0.139
0.11480561609812966,0.9535864978902954,0.1383690476190476
0.11546454457904608,0.9535864978902954,0.13830045619667264
0.11551523138527041,0.9535864978902954,0.1380714285714286
0.11551523138527041,0.953887884267631,0.13748593073593074
0.11581935222261645,0.953887884267631,0.13533333333333333
0.1163769070910842,0.9541892706449668,0.135
0.11673171473465457,0.9544906570223026,0.13476830826024844
0.11713720918444928,0.9547920433996383,0.13444624592918478
0.11769476405291703,0.9547920433996383,0.13344789865293522
0.11799888489026307,0.9547920433996383,0.13192947984789918
0.11815094530893608,0.9547920433996383,0.13137147241733152
0.11820163211516042,0.9547920433996383,0.13019651182151185
0.11901262101474987,0.9550934297769741,0.13
0.11911399462719854,0.9550934297769741,0.12928571428571428
0.11967154949566627,0.9550934297769741,0.12827966931896312
0.11977292310811495,0.9550934297769741,0.12785714285714286
0.12002635713923665,0.9550934297769741,0.12672638981454087
0.12088803284505044,0.9553948161543099,0.125
0.12114146687617214,0.9553948161543099,0.12336904761904761
0.12114146687617214,0.9556962025316456,0.1223368945456496
0.12124284048862081,0.9556962025316456,0.12207142857142857
0.12195245577576157,0.9556962025316456,0.12160049667391881
0.12205382938821024,0.9556962025316456,0.12048809523809526
0.12240863703178063,0.9559975889089813,0.1203753920822815
0.12352374676871611,0.9566003616636528,0.12
0.12352374676871611,0.9569017480409886,0.11916666666666666
0.12367580718738912,0.9569017480409886,0.11861904761904762
0.12367580718738912,0.9572031344183243,0.11769642857142858
0.12392924121851082,0.9572031344183243,0.11702425013067425
0.12509503776167064,0.9578059071729957,0.11575467895183601
0.12514572456789497,0.9578059071729957,0.115705628521805
0.12615946069238176,0.9581072935503315,0.115
0.12626083430483045,0.9581072935503315,0.1139107142857143
0.12636220791727915,0.9581072935503315,0.11333333333333334
0.1265649551421765,0.9581072935503315,0.11083333333333333
0.12813624613513103,0.9584086799276673,0.11052337800508281
0.12818693294135536,0.9584086799276673,0.11043253968253969
0.12935272948451518,0.958710066305003,0.11
0.1295047899031882,0.958710066305003,0.10928571428571429
0.1296061635156369,0.958710066305003,0.10868885281385281
0.12980891074053424,0.958710066305003,0.10755076867576867
0.1299102843529829,0.958710066305003,0.1075
0.130518526027675,0.958710066305003,0.10561366937093912
0.13117745450859142,0.958710066305003,0.10549157865349523
0.13249531147042426,0.958710066305003,0.105
0.1326980586953216,0.958710066305003,0.10327976190476189
0.1326980586953216,0.9590114526823388,0.10286904761904761
0.13285011911399464,0.9590114526823388,0.10166666666666666
0.13315423995134065,0.9590114526823388,0.10157828282828282
0.13457347052562219,0.9593128390596745,0.1
0.13457347052562219,0.9596142254370102,0.09988391922721142
0.13462415733184652,0.9596142254370102,0.09965529363110008
0.13513102539408992,0.9596142254370102,0.09960438822786946
0.13528308581276294,0.9596142254370102,0.09848861117868385
0.13528308581276294,0.959915611814346,0.098375
0.13538445942521163,0.959915611814346,0.0983154761904762
0.1354858330376603,0.959915611814346,0.09831349206349208
0.13553651984388462,0.959915611814346,0.09772435897435898
0.13634750874347407,0.959915611814346,0.0975925176674265
0.13639819554969843,0.959915611814346,0.09675324675324674
0.1364995691621471,0.959915611814346,0.09634803921568626
0.13660094277459578,0.959915611814346,0.09558315295815295
0.13832429418622333,0.9602169981916817,0.095
0.13898322266713975,0.9602169981916817,0.09393642955311364
0.1391859698920371,0.9602169981916817,0.0926537363468352
0.13923665669826144,0.9605183845690175,0.09244696969696971
0.13933803031071013,0.9605183845690175,0.09220238095238097
0.13949009072938315,0.9605183845690175,0.09118055555555557
0.14106138172233768,0.9608197709463532,0.09
0.14116275533478637,0.9608197709463532,0.0890174963924964
0.14116275533478637,0.9614225437010248,0.08844444444444445
0.1412134421410107,0.9614225437010248,0.08841666666666667
0.14131481575345936,0.9614225437010248,0.08833333333333332
0.14136550255968372,0.9617239300783604,0.08780303030303031
0.14141618936590805,0.9617239300783604,0.08686904761904762
0.14319022758375996,0.9623267028330319,0.085
0.1432409143899843,0.9626280892103677,0.0840909090909091
0.14354503522733034,0.9626280892103677,0.08291666666666668
0.14359572203355467,0.9629294755877035,0.08282305874577559
0.14369709564600336,0.9629294755877035,0.08266666666666665
0.1437477824522277,0.9629294755877035,0.08208726290199234
0.14445739773936844,0.9629294755877035,0.08193929673031568
0.14450808454559277,0.9632308619650392,0.08071428571428571
0.14450808454559277,0.9635322483423749,0.08044871794871794
0.14455877135181713,0.9635322483423749,0.08025
0.1468396776319124,0.9638336347197106,0.08
0.1469410512443611,0.9638336347197106,0.07988095238095239
0.14699173805058544,0.9641350210970464,0.07966666666666666
0.1475999797252775,0.9641350210970464,0.07619047619047618
0.14765066653150186,0.9647377938517179,0.07583333333333334
0.1477013533377262,0.9647377938517179,0.07552605028532139
0.14780272695017488,0.9647377938517179,0.07505865895263951
0.14957676516802676,0.9647377938517179,0.075
0.1496274519742511,0.9647377938517179,0.07492424242424242
0.14972882558669978,0.9647377938517179,0.07452290620325516
0.1501343200364945,0.9647377938517179,0.07232142857142856
0.1513001165796543,0.9647377938517179,0.07230649933602952
0.15145217699832733,0.9647377938517179,0.0712511947610378
0.15155355061077602,0.9647377938517179,0.07112698412698412
0.15251659992903846,0.9647377938517179,0.0711050609035131
0.15261797354148715,0.9647377938517179,0.07058687346481857
0.15429063814689037,0.9647377938517179,0.07
0.1543413249531147,0.9647377938517179,0.06983333333333333
0.15449338537178772,0.9647377938517179,0.0698313492063492
0.15464544579046074,0.9647377938517179,0.06916666666666667
0.1548481930153581,0.9650391802290537,0.06895138195138195
0.1551016270464798,0.9650391802290537,0.06719444444444445
0.15515231385270414,0.9653405666063893,0.06698809523809524
0.15520300065892847,0.9653405666063893,0.06666666666666667
0.15520300065892847,0.9656419529837251,0.066
0.15525368746515283,0.9656419529837251,0.06519047619047619
0.15743322013279942,0.9662447257383966,0.065
0.15748390693902378,0.9662447257383966,0.0642857142857143
0.15758528055147245,0.9662447257383966,0.06416666666666666
0.15773734097014547,0.9662447257383966,0.06345238095238095
0.1578894013888185,0.9662447257383966,0.06333333333333334
0.1578894013888185,0.9665461121157324,0.0632012987012987
0.15799077500126718,0.9665461121157324,0.06246428571428571
0.15799077500126718,0.9668474984930681,0.0623373015873016
0.15941000557554869,0.9671488848704038,0.06166779115489311
0.15951137918799738,0.9671488848704038,0.06125
0.16017030766891377,0.9674502712477396,0.06093319516042675
0.16022099447513813,0.9674502712477396,0.060833333333333336
0.1603223680875868,0.9674502712477396,0.060791125541125535
0.16037305489381115,0.9674502712477396,0.06003571428571429
0.16234984033656039,0.9680530440024111,0.06
0.1626032743676821,0.9680530440024111,0.05868154761904762
0.16392113132951494,0.9680530440024111,0.058173666900046515
0.16397181813573927,0.9680530440024111,0.058139265962795374
0.1641238785544123,0.9680530440024111,0.0575
0.16422525216686096,0.9680530440024111,0.05719444444444445
0.16422525216686096,0.9683544303797469,0.05704545454545454
0.16432662577930965,0.9683544303797469,0.05652504808427729
0.1644279993917583,0.9683544303797469,0.0555952380952381
0.16660753205940493,0.9686558167570826,0.055
0.1668102792843023,0.9686558167570826,0.05375
0.1668102792843023,0.9689572031344184,0.053611111111111116
0.16691165289675097,0.9689572031344184,0.05319444444444445
0.167063713315424,0.9689572031344184,0.053170634920634924
0.16711440012164833,0.9689572031344184,0.05303571428571429
0.16711440012164833,0.969258589511754,0.052958333333333336
0.16716508692787269,0.969258589511754,0.05295238095238095
0.16716508692787269,0.9695599758890898,0.052904761904761906
0.16726646054032135,0.9695599758890898,0.051895833333333335
0.16726646054032135,0.9698613622664256,0.05099303013807659
0.16751989457144306,0.9698613622664256,0.05018145743145743
0.16995286127021136,0.9698613622664256,0.05
0.17015560849510872,0.9698613622664256,0.04954761904761905
0.17015560849510872,0.9701627486437613,0.049458333333333326
0.1702569821075574,0.9701627486437613,0.04916666666666667
0.17030766891378174,0.9701627486437613,0.049166666666666664
0.1705104161386791,0.9701627486437613,0.049
0.17061178975112778,0.9701627486437613,0.04857142857142857
0.17066247655735212,0.9707655213984328,0.04840674603174604
0.17071316336357645,0.9707655213984328,0.04833333333333334
0.17091591058847383,0.9707655213984328,0.04818253968253969
0.1710172842009225,0.9707655213984328,0.04690476190476191
0.17111865781337118,0.9707655213984328,0.046590909090909086
0.1712707182320442,0.9707655213984328,0.04616666666666667
0.1712707182320442,0.9713682941531043,0.04583333333333334
0.17132140503826854,0.9713682941531043,0.04532738095238095
0.17299406964367176,0.9713682941531043,0.04529183541323522
0.1730447564498961,0.9713682941531043,0.045125
0.1763393988544782,0.9713682941531043,0.045
0.17644077246692685,0.9713682941531043,0.04483333333333332
0.17649145927315119,0.9713682941531043,0.04479166666666666
0.17659283288559988,0.9713682941531043,0.04471230158730158
0.17679558011049723,0.9713682941531043,0.043888888888888894
0.17689695372294592,0.9713682941531043,0.04375
0.1771503877540676,0.9713682941531043,0.042551088830741206
0.1772517613665163,0.9713682941531043,0.04198737373737374
0.17730244817274063,0.97166968053044,0.04189285714285714
0.177353134978965,0.97166968053044,0.04166666666666666
0.17745450859141365,0.97166968053044,0.04161904761904761
0.17755588220386234,0.97166968053044,0.04066666666666666
0.17755588220386234,0.9719710669077758,0.04031944444444444
0.17760656901008667,0.9719710669077758,0.04013888888888889
0.17780931623498403,0.9719710669077758,0.040041125541125544
0.18090121141466875,0.9725738396624473,0.04
0.18130670586446349,0.9725738396624473,0.03841666666666666
0.18140807947691215,0.9725738396624473,0.038375
0.18191494753915555,0.9725738396624473,0.03669047619047618
0.18211769476405293,0.9725738396624473,0.03666169713499435
0.18232044198895028,0.9725738396624473,0.03575
0.1824725024076233,0.9725738396624473,0.03500918770771711
0.18657813371179482,0.9737793851717902,0.035
0.18662882051801916,0.9737793851717902,0.034666666666666665
0.18890972679811446,0.9737793851717902,0.03463343582648071
0.1889604136043388,0.9737793851717902,0.034583333333333334
0.19124131988443407,0.9737793851717902,0.034424251501410055
0.19134269349688277,0.9737793851717902,0.034
0.19144406710933143,0.9737793851717902,0.03378914141414142
0.1916468143342288,0.974080771549126,0.03375
0.19184956155912616,0.974080771549126,0.033125
0.1920016219777992,0.974080771549126,0.032974816849816846
0.1921536823964722,0.974080771549126,0.03233333333333333
0.19235642962136956,0.974080771549126,0.032285714285714286
0.19235642962136956,0.9743821579264618,0.03173809523809524
0.1929139844898373,0.9743821579264618,0.03020833333333333
0.19301535810228598,0.9743821579264618,0.0301335656213705
0.19833747275584165,0.9749849306811332,0.03
0.19843884636829034,0.9749849306811332,0.02909090909090909
0.19848953317451468,0.9749849306811332,0.028999999999999998
0.19859090678696337,0.9749849306811332,0.02875
0.19889502762430938,0.9749849306811332,0.027999999999999997
0.19899640123675807,0.9749849306811332,0.027672784905863047
0.1990470880429824,0.9749849306811332,0.027571289821289816
0.1991484616554311,0.9749849306811332,0.0275
0.19950326929900147,0.9749849306811332,0.02676369463869464
0.19950326929900147,0.9752863170584689,0.026746031746031743
0.1995539561052258,0.9752863170584689,0.026666666666666665
0.19980739013634752,0.9752863170584689,0.026578865578865577
0.19990876374879618,0.9752863170584689,0.02625
0.2001621977799179,0.9752863170584689,0.025464230684569666
0.20031425819859092,0.9752863170584689,0.02541666666666667
0.20041563181103958,0.9752863170584689,0.02507142857142857
0.2057884332708196,0.9761904761904762,0.025
0.20599118049571696,0.9761904761904762,0.024285714285714285
0.20609255410816565,0.9761904761904762,0.02416666666666667
0.20619392772061432,0.9761904761904762,0.024
0.20619392772061432,0.976491862567812,0.02388888888888889
0.20639667494551167,0.976491862567812,0.02322222222222222
0.20649804855796036,0.976491862567812,0.023042118012706246
0.20720766384510111,0.976491862567812,0.02132632847365315
0.2073090374575498,0.976491862567812,0.02125
0.20735972426377414,0.9767932489451476,0.02116783216783217
0.2075624714886715,0.9767932489451476,0.02083333333333333
0.20761315829489585,0.9770946353224834,0.020443928448572412
0.20766384510112018,0.9770946353224834,0.020082251082251083
0.21511480561609814,0.9776974080771549,0.02
0.2152161792285468,0.9776974080771549,0.019971988795518206
0.21536823964721982,0.9776974080771549,0.019669871794871795
0.21552030006589284,0.9776974080771549,0.019219322344322345
0.21562167367834154,0.9776974080771549,0.01916666666666667
0.21567236048456587,0.9776974080771549,0.019071428571428573
0.2159764813219119,0.9776974080771549,0.01875
0.2159764813219119,0.9779987944544907,0.018729132027631476
0.21612854174058493,0.9779987944544907,0.018452380952380953
0.2163312889654823,0.9779987944544907,0.018333333333333333
0.21638197577170662,0.9779987944544907,0.018010212418300652
0.2164833493841553,0.9779987944544907,0.018000000000000002
0.21663540980282833,0.9779987944544907,0.01767857142857143
0.21678747022150135,0.9779987944544907,0.0175
0.21688884383395002,0.9779987944544907,0.017142857142857144
0.2169902174463987,0.9779987944544907,0.01714285714285714
0.21714227786507173,0.9779987944544907,0.016964821964821967
0.2172436514775204,0.9779987944544907,0.016666666666666666
0.21744639870241775,0.9779987944544907,0.01596119012566381
0.21759845912109077,0.9779987944544907,0.01583333333333333
0.21785189315221248,0.9779987944544907,0.015166666666666667
0.2180039535708855,0.9779987944544907,0.015031031468531469
0.2301181002585027,0.9792043399638336,0.015
0.23016878706472704,0.9792043399638336,0.014892857142857143
0.23027016067717573,0.9792043399638336,0.014875000000000001
0.2306249683207461,0.9792043399638336,0.014138386123680242
0.23082771554564346,0.9792043399638336,0.013999999999999999
0.23092908915809215,0.9795057263411694,0.01375
0.23092908915809215,0.9798071127185051,0.01369047619047619
0.23097977596431649,0.9798071127185051,0.013452380952380954
0.23108114957676518,0.9798071127185051,0.013357683982683983
0.23128389680166253,0.9804098854731766,0.013333333333333332
0.23133458360788686,0.9804098854731766,0.013260869565217392
0.23143595722033555,0.9804098854731766,0.013222222222222222
0.23153733083278422,0.9804098854731766,0.013000000000000001
0.23168939125145724,0.9804098854731766,0.012785714285714284
0.23184145167013026,0.9804098854731766,0.012646825396825396
0.23194282528257895,0.9810126582278481,0.0125
0.23204419889502761,0.9810126582278481,0.012446428571428572
0.23229763292614933,0.9810126582278481,0.01175
0.232399006538598,0.9810126582278481,0.011666666666666665
0.2326524405697197,0.9810126582278481,0.011285714285714286
0.2327538141821684,0.9810126582278481,0.011166666666666667
0.2329058746008414,0.9810126582278481,0.010833333333333332
0.2330579350195144,0.9810126582278481,0.010766562062808193
0.23320999543818743,0.9810126582278481,0.010535714285714285
0.23336205585686046,0.9810126582278481,0.010453425079593303
0.23361548988798217,0.9810126582278481,0.010119047619047618
0.2494297734299762,0.9825195901145268,0.01
0.24953114704242485,0.9825195901145268,0.009458333333333332
0.24963252065487354,0.9825195901145268,0.009375
0.24968320746109787,0.9825195901145268,0.009305555555555556
0.2498352678797709,0.9825195901145268,0.009285714285714286
0.25013938871711694,0.9825195901145268,0.009166666666666667
0.2503421359420143,0.9831223628691983,0.009000000000000001
0.250443509554463,0.9831223628691983,0.008888888888888889
0.2506969435855847,0.9831223628691983,0.00875
0.250899690810482,0.9831223628691983,0.008452380952380953
0.25135587206650106,0.9831223628691983,0.008333333333333333
0.25135587206650106,0.9837251356238698,0.008076923076923077
0.25155861929139844,0.9837251356238698,0.008
0.2517106797100715,0.9837251356238698,0.007857142857142858
0.25216686096609053,0.9837251356238698,0.007083333333333333
0.25231892138476353,0.9837251356238698,0.006999999999999999
0.25236960819098786,0.9837251356238698,0.006964285714285714
0.2524709818034366,0.9837251356238698,0.006785714285714286
0.2526230422221096,0.9837251356238698,0.006727272727272728
0.2527751026407826,0.9837251356238698,0.006726190476190476
0.25297784986567995,0.9837251356238698,0.006678321678321679
0.25323128389680166,0.9837251356238698,0.006666666666666666
0.253281970703026,0.9837251356238698,0.006571428571428572
0.25338334431547466,0.9837251356238698,0.00654040404040404
0.2534847179279234,0.9837251356238698,0.006434704184704185
0.2537888387652694,0.9837251356238698,0.00625
0.25399158599016675,0.9837251356238698,0.0059077040427154845
0.25409295960261546,0.9837251356238698,0.005898378582202112
0.2541436464088398,0.9837251356238698,0.0058420628525382755
0.2543463936337371,0.9837251356238698,0.005833333333333333
0.25444776724618584,0.9837251356238698,0.005714285714285714
0.2547012012773075,0.9840265220012056,0.005681818181818181
0.2548025748897562,0.9840265220012056,0.005555555555555556
0.2551573825333266,0.9840265220012056,0.005283018867924528
0.2553601297582239,0.9840265220012056,0.005277777777777778
0.25546150337067264,0.9840265220012056,0.005124999999999999
0.25551219017689697,0.9840265220012056,0.005048604187437688
0.28825586699782046,0.9858348402652201,0.005
0.2883572406102691,0.9858348402652201,0.004724637681159421
0.28845861422271785,0.9861362266425557,0.004722222222222222
0.2886613614476152,0.9861362266425557,0.0045000000000000005
0.2887627350600639,0.9861362266425557,0.0044444444444444444
0.2889654822849612,0.9861362266425557,0.00425
0.28911754270363427,0.9861362266425557,0.004166666666666667
0.2891682295098586,0.9864376130198915,0.004142857142857143
0.28921891631608293,0.9864376130198915,0.004090909090909091
0.289523037153429,0.9864376130198915,0.004
0.2895737239596533,0.9864376130198915,0.0038888888888888888
0.29002990521567235,0.9864376130198915,0.00375
0.29028333924679406,0.9864376130198915,0.0035714285714285713
0.2903340260530184,0.9864376130198915,0.0035476190476190473
0.2903340260530184,0.9867389993972272,0.0034999999999999996
0.2909929545339348,0.9867389993972272,0.003333333333333333
0.2912463885650565,0.9867389993972272,0.003269230769230769
0.2913984489837295,0.9867389993972272,0.003125
0.29210806427087027,0.9867389993972272,0.003
0.2922601246895433,0.9867389993972272,0.002857142857142857
0.29246287191444065,0.9867389993972272,0.002741477272727273
0.2927669927517867,0.9867389993972272,0.002692307692307692
0.292817679558011,0.9867389993972272,0.0026566509175204828
0.2938821024887222,0.9867389993972272,0.0025
0.2941862233260682,0.9867389993972272,0.0022222222222222222
0.2942875969385169,0.9867389993972272,0.0021491228070175438
0.2943889705509656,0.987040385774563,0.0021428571428571425
0.29449034416341424,0.987040385774563,0.002
0.29459171777586296,0.987040385774563,0.0019230769230769232
0.2946930913883116,0.987040385774563,0.0017819715696177484
0.294895838613209,0.987040385774563,0.0016666666666666666
0.29499721222565767,0.987040385774563,0.0015
0.295199959450555,0.987040385774563,0.0014285714285714286
0.2953013330630037,0.987040385774563,0.0013636363636363635
0.2954027066754524,0.987040385774563,0.00125
0.2954533934816767,0.987040385774563,0.0012121212121212121
0.2956561407065741,0.987040385774563,0.001153846153846154
0.29575751431902275,0.987040385774563,0.0011111111111111111
0.2959095747376958,0.987040385774563,0.0010714285714285713
0.29596026154392013,0.987040385774563,0.0010526315789473684
0.2962136955750418,0.987040385774563,0.001
0.2965685032186122,0.987040385774563,0.0009090909090909091
0.2966698768310609,0.987040385774563,0.0008959991886821155
0.2968726240559582,0.987040385774563,0.0008576480990274093
0.29697399766840693,0.987040385774563,0.0008333333333333333
0.2970753712808556,0.987040385774563,0.0007267665130568355
0.297278118505753,0.987040385774563,0.0007142857142857143
0.29743017892442597,0.987040385774563,0.0006141774891774891
0.297734299761772,0.987040385774563,0.0003125
0.297886360180445,0.987040385774563,0.0002941176470588235
0.2982411678240154,0.987040385774563,9.433962264150943e-05
1.0,1.0,0.0
